,user_id,age,gender,occupation,zip_code,latitude,longitude
0,1,24,M,technician,85711,32.21,-110.88
1,2,53,F,other,94043,37.41,-122.05
2,3,23,M,writer,32067,30.16,-81.7
3,4,24,M,technician,43537,41.57,-83.65
4,5,33,F,other,15213,40.44,-79.96
5,6,42,M,executive,98101,47.61,-122.33
6,7,57,M,administrator,91344,34.29,-118.5
7,8,36,M,administrator,05201,42.87,-73.18
8,9,29,M,student,01002,42.37,-72.52
9,10,53,M,lawyer,90703,33.86,-118.05
10,11,39,F,other,30329,33.82,-84.32
11,12,28,F,other,06405,41.28,-72.81
12,13,47,M,educator,29206,34.03,-80.96
13,14,45,M,scientist,55106,44.96,-93.05
14,15,49,F,educator,97301,44.95,-123.0
15,16,21,M,entertainment,10309,40.53,-74.22
16,17,30,M,programmer,06355,41.35,-71.97
17,18,35,F,other,37212,36.13,-86.8
18,19,40,M,librarian,02138,42.38,-71.14
19,20,42,F,homemaker,95660,38.66,-121.37
20,21,26,M,writer,30068,33.97,-84.43
21,22,25,M,writer,40206,38.26,-85.7
22,23,30,F,artist,48197,42.24,-83.62
23,24,21,F,artist,94533,38.28,-122.0
24,25,39,M,engineer,55107,44.93,-93.08
25,26,49,M,engineer,21044,39.21,-76.88
26,27,40,F,librarian,30030,33.77,-84.29
27,28,32,M,writer,55369,45.13,-93.45
28,29,41,M,programmer,94043,37.41,-122.05
29,30,7,M,student,55436,44.9,-93.37
30,31,24,M,artist,10003,40.73,-73.99
31,32,28,F,student,78741,30.23,-97.71
32,33,23,M,student,27510,35.91,-79.08
33,34,38,F,administrator,42141,36.99,-85.92
34,35,20,F,homemaker,42459,37.54,-87.98
35,36,19,F,student,93117,34.5,-120.12
36,37,23,M,student,55105,44.94,-93.17
37,38,28,F,other,54467,44.46,-89.54
38,39,41,M,entertainment,01040,42.21,-72.64
39,40,38,M,scientist,27514,35.92,-79.04
40,41,33,M,engineer,80525,40.55,-105.06
41,42,30,M,administrator,17870,40.8,-76.86
42,43,29,F,librarian,20854,39.02,-77.19
43,44,26,M,technician,46260,39.9,-86.18
44,45,29,M,programmer,50233,41.59,-94.19
45,46,27,F,marketing,46538,41.32,-85.84
46,47,53,M,marketing,07102,40.74,-74.17
47,48,45,M,administrator,12550,41.5,-74.02
48,49,23,F,student,76111,32.78,-97.3
49,50,21,M,writer,52245,41.67,-91.51
50,51,28,M,educator,16509,42.06,-80.04
51,52,18,F,student,55105,44.94,-93.17
52,53,26,M,programmer,55414,44.98,-93.23
53,54,22,M,executive,66315,,
54,55,37,M,programmer,01331,42.59,-72.23
55,56,25,M,librarian,46260,39.9,-86.18
56,57,16,M,none,84010,40.88,-111.82
57,58,27,M,programmer,52246,41.65,-91.57
58,59,49,M,educator,08403,39.32,-74.54
59,60,50,M,healthcare,06472,41.38,-72.77
60,61,36,M,engineer,30040,34.2,-84.13
61,62,27,F,administrator,97214,45.51,-122.64
62,63,31,M,marketing,75240,32.93,-96.79
63,64,32,M,educator,43202,40.02,-83.02
64,65,51,F,educator,48118,42.31,-84.02
65,66,23,M,student,80521,40.59,-105.13
66,67,17,M,student,60402,41.84,-87.79
67,68,19,M,student,22904,38.03,-78.52
68,69,24,M,engineer,55337,44.76,-93.27
69,70,27,M,engineer,60067,42.11,-88.04
70,71,39,M,scientist,98034,47.72,-122.2
71,72,48,F,administrator,73034,35.67,-97.41
72,73,24,M,student,41850,,
73,74,39,M,scientist,T8H1N,,
74,75,24,M,entertainment,08816,40.42,-74.41
75,76,20,M,student,02215,42.35,-71.1
76,77,30,M,technician,29379,34.72,-81.62
77,78,26,M,administrator,61801,40.1,-88.2
78,79,39,F,administrator,03755,43.7,-72.27
79,80,34,F,administrator,52241,41.69,-91.6
80,81,21,M,student,21218,39.33,-76.6
81,82,50,M,programmer,22902,38.03,-78.48
82,83,40,M,other,44133,41.31,-81.74
83,84,32,M,executive,55369,45.13,-93.45
84,85,51,M,educator,20003,38.88,-76.99
85,86,26,M,administrator,46005,,
86,87,47,M,administrator,89503,39.54,-119.84
87,88,49,F,librarian,11701,40.66,-73.41
88,89,43,F,administrator,68106,41.24,-96.0
89,90,60,M,educator,78155,29.57,-97.96
90,91,55,M,marketing,01913,42.85,-70.92
91,92,32,M,entertainment,80525,40.55,-105.06
92,93,48,M,executive,23112,37.43,-77.66
93,94,26,M,student,71457,31.75,-93.09
94,95,31,M,administrator,10707,40.96,-73.82
95,96,25,F,artist,75206,32.83,-96.77
96,97,43,M,artist,98006,47.55,-122.14
97,98,49,F,executive,90291,33.99,-118.46
98,99,20,M,student,63129,38.46,-90.32
99,100,36,M,executive,90254,33.86,-118.39
100,101,15,M,student,05146,43.16,-72.61
101,102,38,M,programmer,30220,33.23,-84.82
102,103,26,M,student,55108,44.98,-93.17
103,104,27,M,student,55108,44.98,-93.17
104,105,24,M,engineer,94043,37.41,-122.05
105,106,61,M,retired,55125,44.92,-92.94
106,107,39,M,scientist,60466,41.48,-87.68
107,108,44,M,educator,63130,38.67,-90.33
108,109,29,M,other,55423,44.87,-93.28
109,110,19,M,student,77840,30.6,-96.31
110,111,57,M,engineer,90630,33.81,-118.03
111,112,30,M,salesman,60613,41.96,-87.65
112,113,47,M,executive,95032,37.23,-121.95
113,114,27,M,programmer,75013,33.11,-96.69
114,115,31,M,engineer,17110,40.32,-76.89
115,116,40,M,healthcare,97232,45.53,-122.64
116,117,20,M,student,16125,41.4,-80.38
117,118,21,M,administrator,90210,34.09,-118.41
118,119,32,M,programmer,67401,38.81,-97.61
119,120,47,F,other,06260,41.91,-71.9
120,121,54,M,librarian,99603,59.4,-151.32
121,122,32,F,writer,22206,38.84,-77.09
122,123,48,F,artist,20008,38.94,-77.06
123,124,34,M,student,60615,41.8,-87.6
124,125,30,M,lawyer,22202,38.86,-77.05
125,126,28,F,lawyer,20015,38.97,-77.06
126,127,33,M,none,73439,34.0,-96.72
127,128,24,F,marketing,20009,38.92,-77.04
128,129,36,F,marketing,07039,40.78,-74.32
129,130,20,M,none,60115,41.89,-88.75
130,131,59,F,administrator,15237,40.55,-80.04
131,132,24,M,other,94612,37.81,-122.27
132,133,53,M,engineer,78602,30.11,-97.3
133,134,31,M,programmer,80236,39.65,-105.04
134,135,23,M,student,38401,35.62,-87.04
135,136,51,M,other,97365,44.66,-124.01
136,137,50,M,educator,84408,41.19,-111.94
137,138,46,M,doctor,53211,43.08,-87.88
138,139,20,M,student,08904,40.5,-74.42
139,140,30,F,student,32250,30.29,-81.39
140,141,49,M,programmer,36117,32.38,-86.15
141,142,13,M,other,48118,42.31,-84.02
142,143,42,M,technician,08832,40.51,-74.31
143,144,53,M,programmer,20910,39.0,-77.04
144,145,31,M,entertainment,V3N4P,,
145,146,45,M,artist,83814,47.59,-116.91
146,147,40,F,librarian,02143,42.38,-71.1
147,148,33,M,engineer,97006,45.52,-122.85
148,149,35,F,marketing,17325,39.83,-77.23
149,150,20,F,artist,02139,42.37,-71.11
150,151,38,F,administrator,48103,42.26,-83.85
151,152,33,F,educator,68767,42.19,-97.52
152,153,25,M,student,60641,41.95,-87.75
153,154,25,M,student,53703,43.08,-89.38
154,155,32,F,other,11217,40.68,-73.98
155,156,25,M,educator,08360,39.5,-75.01
156,157,57,M,engineer,70808,30.4,-91.14
157,158,50,M,educator,27606,35.74,-78.72
158,159,23,F,student,55346,44.88,-93.48
159,160,27,M,programmer,66215,38.96,-94.74
160,161,50,M,lawyer,55104,44.95,-93.16
161,162,25,M,artist,15610,40.15,-79.42
162,163,49,M,administrator,97212,45.54,-122.64
163,164,47,M,healthcare,80123,39.62,-105.07
164,165,20,F,other,53715,43.07,-89.4
165,166,47,M,educator,55113,45.01,-93.15
166,167,37,M,other,L9G2B,,
167,168,48,M,other,80127,39.57,-105.14
168,169,52,F,other,53705,43.07,-89.46
169,170,53,F,healthcare,30067,33.93,-84.46
170,171,48,F,educator,78750,30.42,-97.8
171,172,55,M,marketing,22207,38.91,-77.12
172,173,56,M,other,22306,38.76,-77.1
173,174,30,F,administrator,52302,42.03,-91.58
174,175,26,F,scientist,21911,39.69,-76.06
175,176,28,M,scientist,07030,40.75,-74.03
176,177,20,M,programmer,19104,39.96,-75.2
177,178,26,M,other,49512,42.88,-85.53
178,179,15,M,entertainment,20755,39.11,-76.75
179,180,22,F,administrator,60202,42.04,-87.68
180,181,26,M,executive,21218,39.33,-76.6
181,182,36,M,programmer,33884,27.98,-81.67
182,183,33,M,scientist,27708,35.98,-78.91
183,184,37,M,librarian,76013,32.72,-97.16
184,185,53,F,librarian,97403,44.03,-123.05
185,186,39,F,executive,00000,,
186,187,26,M,educator,16801,40.79,-77.85
187,188,42,M,student,29440,33.36,-79.29
188,189,32,M,artist,95014,37.3,-122.09
189,190,30,M,administrator,95938,39.61,-121.77
190,191,33,M,administrator,95161,37.38,-121.89
191,192,42,M,educator,90840,33.78,-118.12
192,193,29,M,student,49931,47.11,-88.56
193,194,38,M,administrator,02154,,
194,195,42,M,scientist,93555,35.55,-117.67
195,196,49,M,writer,55105,44.94,-93.17
196,197,55,M,technician,75094,33.02,-96.62
197,198,21,F,student,55414,44.98,-93.23
198,199,30,M,writer,17604,40.04,-76.3
199,200,40,M,programmer,93402,35.29,-120.81
200,201,27,M,writer,E2A4H,,
201,202,41,F,educator,60201,42.06,-87.69
202,203,25,F,student,32301,30.43,-84.26
203,204,52,F,librarian,10960,41.09,-73.92
204,205,47,M,lawyer,06371,41.31,-72.34
205,206,14,F,student,53115,42.62,-88.63
206,207,39,M,marketing,92037,32.86,-117.24
207,208,43,M,engineer,01720,42.48,-71.46
208,209,33,F,educator,85710,32.22,-110.82
209,210,39,M,engineer,03060,42.74,-71.46
210,211,66,M,salesman,32605,29.68,-82.37
211,212,49,F,educator,61401,40.95,-90.37
212,213,33,M,executive,55345,44.93,-93.46
213,214,26,F,librarian,11231,40.68,-74.01
214,215,35,M,programmer,63033,38.8,-90.27
215,216,22,M,engineer,02215,42.35,-71.1
216,217,22,M,other,11727,40.87,-73.0
217,218,37,M,administrator,06513,41.32,-72.87
218,219,32,M,programmer,43212,39.99,-83.04
219,220,30,M,librarian,78205,29.42,-98.49
220,221,19,M,student,20685,38.47,-76.5
221,222,29,M,programmer,27502,35.72,-78.84
222,223,19,F,student,47906,40.44,-86.91
223,224,31,F,educator,43512,41.28,-84.36
224,225,51,F,administrator,58202,47.92,-97.07
225,226,28,M,student,92103,32.74,-117.17
226,227,46,M,executive,60659,41.99,-87.7
227,228,21,F,student,22003,38.83,-77.21
228,229,29,F,librarian,22903,38.01,-78.6
229,230,28,F,student,14476,43.32,-78.03
230,231,48,M,librarian,01080,42.18,-72.37
231,232,45,M,scientist,99709,64.9,-148.16
232,233,38,M,engineer,98682,45.67,-122.47
233,234,60,M,retired,94702,37.87,-122.29
234,235,37,M,educator,22973,38.3,-78.43
235,236,44,F,writer,53214,43.02,-88.01
236,237,49,M,administrator,63146,38.7,-90.47
237,238,42,F,administrator,44124,41.5,-81.47
238,239,39,M,artist,95628,38.65,-121.25
239,240,23,F,educator,20784,38.95,-76.89
240,241,26,F,student,20001,38.91,-77.02
241,242,33,M,educator,31404,32.05,-81.05
242,243,33,M,educator,60201,42.06,-87.69
243,244,28,M,technician,80525,40.55,-105.06
244,245,22,M,student,55109,45.01,-93.03
245,246,19,M,student,28734,35.18,-83.38
246,247,28,M,engineer,20770,38.99,-76.88
247,248,25,M,student,37235,36.17,-86.78
248,249,25,M,student,84103,40.79,-111.82
249,250,29,M,executive,95110,37.34,-121.9
250,251,28,M,doctor,85032,33.62,-112.0
251,252,42,M,engineer,07733,40.37,-74.17
252,253,26,F,librarian,22903,38.01,-78.6
253,254,44,M,educator,42647,36.69,-84.47
254,255,23,M,entertainment,07029,40.74,-74.15
255,256,35,F,none,39042,32.28,-90.0
256,257,17,M,student,77005,29.72,-95.42
257,258,19,F,student,77801,30.64,-96.36
258,259,21,M,student,48823,42.76,-84.46
259,260,40,F,artist,89801,40.95,-115.79
260,261,28,M,administrator,85202,33.38,-111.87
261,262,19,F,student,78264,29.2,-98.49
262,263,41,M,programmer,55346,44.88,-93.48
263,264,36,F,writer,90064,34.03,-118.43
264,265,26,M,executive,84601,40.22,-111.69
265,266,62,F,administrator,78756,30.32,-97.74
266,267,23,M,engineer,83716,43.54,-115.92
267,268,24,M,engineer,19422,40.14,-75.26
268,269,31,F,librarian,43201,39.98,-82.98
269,270,18,F,student,63119,38.59,-90.35
270,271,51,M,engineer,22932,38.06,-78.69
271,272,33,M,scientist,53706,43.07,-89.41
272,273,50,F,other,10016,40.75,-73.98
273,274,20,F,student,55414,44.98,-93.23
274,275,38,M,engineer,92064,32.97,-117.02
275,276,21,M,student,95064,36.99,-122.06
276,277,35,F,administrator,55406,44.94,-93.22
277,278,37,F,librarian,30033,33.81,-84.28
278,279,33,M,programmer,85251,33.49,-111.92
279,280,30,F,librarian,22903,38.01,-78.6
280,281,15,F,student,06059,41.96,-72.94
281,282,22,M,administrator,20057,38.91,-77.08
282,283,28,M,programmer,55305,44.96,-93.43
283,284,40,M,executive,92629,33.47,-117.7
284,285,25,M,programmer,53713,43.04,-89.39
285,286,27,M,student,15217,40.43,-79.92
286,287,21,M,salesman,31211,32.9,-83.58
287,288,34,M,marketing,23226,37.58,-77.52
288,289,11,M,none,94619,37.78,-122.12
289,290,40,M,engineer,93550,34.52,-118.08
290,291,19,M,student,44106,41.51,-81.61
291,292,35,F,programmer,94703,37.86,-122.28
292,293,24,M,writer,60804,41.84,-87.75
293,294,34,M,technician,92110,32.77,-117.2
294,295,31,M,educator,50325,41.61,-93.8
295,296,43,F,administrator,16803,40.8,-77.9
296,297,29,F,educator,98103,47.67,-122.34
297,298,44,M,executive,01581,42.26,-71.61
298,299,29,M,doctor,63108,38.64,-90.25
299,300,26,F,programmer,55106,44.96,-93.05
300,301,24,M,student,55439,44.88,-93.37
301,302,42,M,educator,77904,28.94,-97.02
302,303,19,M,student,14853,42.45,-76.48
303,304,22,F,student,71701,33.56,-92.84
304,305,23,M,programmer,94086,37.36,-122.02
305,306,45,M,other,73132,35.55,-97.64
306,307,25,M,student,55454,44.97,-93.23
307,308,60,M,retired,95076,36.95,-121.72
308,309,40,M,scientist,70802,30.44,-91.18
309,310,37,M,educator,91711,34.12,-117.71
310,311,32,M,technician,73071,35.24,-97.41
311,312,48,M,other,02110,42.36,-71.05
312,313,41,M,marketing,60035,42.18,-87.8
313,314,20,F,student,08043,39.84,-74.95
314,315,31,M,educator,18301,41.0,-75.17
315,316,43,F,other,77009,29.8,-95.37
316,317,22,M,administrator,13210,43.04,-76.14
317,318,65,M,retired,06518,41.43,-72.91
318,319,38,M,programmer,22030,38.84,-77.34
319,320,19,M,student,24060,37.23,-80.42
320,321,49,F,educator,55413,45.0,-93.24
321,322,20,M,student,50613,42.52,-92.45
322,323,21,M,student,19149,40.04,-75.07
323,324,21,F,student,02176,42.45,-71.05
324,325,48,M,technician,02139,42.37,-71.11
325,326,41,M,administrator,15235,40.46,-79.82
326,327,22,M,student,11101,40.74,-73.93
327,328,51,M,administrator,06779,41.59,-73.08
328,329,48,M,educator,01720,42.48,-71.46
329,330,35,F,educator,33884,27.98,-81.67
330,331,33,M,entertainment,91344,34.29,-118.5
331,332,20,M,student,40504,38.04,-84.54
332,333,47,M,other,V0R2M,,
333,334,32,M,librarian,30002,33.77,-84.26
334,335,45,M,executive,33775,27.84,-82.78
335,336,23,M,salesman,42101,37.06,-86.46
336,337,37,M,scientist,10522,41.01,-73.86
337,338,39,F,librarian,59717,45.66,-111.06
338,339,35,M,lawyer,37901,35.97,-83.94
339,340,46,M,engineer,80123,39.62,-105.07
340,341,17,F,student,44405,41.07,-80.59
341,342,25,F,other,98006,47.55,-122.14
342,343,43,M,engineer,30093,33.91,-84.18
343,344,30,F,librarian,94117,37.77,-122.45
344,345,28,F,librarian,94143,37.76,-122.45
345,346,34,M,other,76059,32.39,-97.33
346,347,18,M,student,90210,34.09,-118.41
347,348,24,F,student,45660,38.94,-83.4
348,349,68,M,retired,61455,40.47,-90.68
349,350,32,M,student,97301,44.95,-123.0
350,351,61,M,educator,49938,46.45,-90.15
351,352,37,F,programmer,55105,44.94,-93.17
352,353,25,M,scientist,28480,34.23,-77.8
353,354,29,F,librarian,48197,42.24,-83.62
354,355,25,M,student,60135,42.09,-88.68
355,356,32,F,homemaker,92688,33.62,-117.61
356,357,26,M,executive,98133,47.73,-122.34
357,358,40,M,educator,10022,40.76,-73.97
358,359,22,M,student,61801,40.1,-88.2
359,360,51,M,other,98027,47.5,-122.0
360,361,22,M,student,44074,41.29,-82.21
361,362,35,F,homemaker,85233,33.34,-111.81
362,363,20,M,student,87501,35.74,-105.86
363,364,63,M,engineer,01810,42.65,-71.14
364,365,29,M,lawyer,20009,38.92,-77.04
365,366,20,F,student,50670,42.71,-92.58
366,367,17,M,student,37411,35.03,-85.23
367,368,18,M,student,92113,32.69,-117.11
368,369,24,M,student,91335,34.2,-118.54
369,370,52,M,writer,08534,40.32,-74.79
370,371,36,M,engineer,99206,47.63,-117.25
371,372,25,F,student,66046,38.9,-95.21
372,373,24,F,other,55116,44.91,-93.17
373,374,36,M,executive,78746,30.3,-97.81
374,375,17,M,entertainment,37777,35.82,-84.04
375,376,28,F,other,10010,40.74,-73.98
376,377,22,M,student,18015,40.59,-75.37
377,378,35,M,student,02859,41.95,-71.7
378,379,44,M,programmer,98117,47.68,-122.38
379,380,32,M,engineer,55117,45.0,-93.09
380,381,33,M,artist,94608,37.83,-122.29
381,382,45,M,engineer,01824,42.59,-71.36
382,383,42,M,administrator,75204,32.8,-96.79
383,384,52,M,programmer,45218,39.26,-84.52
384,385,36,M,writer,10003,40.73,-73.99
385,386,36,M,salesman,43221,40.02,-83.08
386,387,33,M,entertainment,37412,35.0,-85.23
387,388,31,M,other,36106,32.35,-86.28
388,389,44,F,writer,83702,43.71,-116.18
389,390,42,F,writer,85016,33.5,-112.02
390,391,23,M,student,84604,40.33,-111.57
391,392,52,M,writer,59801,46.85,-113.99
392,393,19,M,student,83686,43.49,-116.61
393,394,25,M,administrator,96819,21.35,-157.88
394,395,43,M,other,44092,41.6,-81.46
395,396,57,M,engineer,94551,37.77,-121.75
396,397,17,M,student,27514,35.92,-79.04
397,398,40,M,other,60008,42.07,-88.02
398,399,25,M,other,92374,34.06,-117.17
399,400,33,F,administrator,78213,29.52,-98.52
400,401,46,F,healthcare,84107,40.65,-111.88
401,402,30,M,engineer,95129,37.3,-122.0
402,403,37,M,other,06811,41.42,-73.48
403,404,29,F,programmer,55108,44.98,-93.17
404,405,22,F,healthcare,10019,40.77,-73.99
405,406,52,M,educator,93109,34.4,-119.72
406,407,29,M,engineer,03261,43.19,-71.15
407,408,23,M,student,61755,40.53,-89.35
408,409,48,M,administrator,98225,48.73,-122.48
409,410,30,F,artist,94025,37.45,-122.17
410,411,34,M,educator,44691,40.81,-81.93
411,412,25,M,educator,15222,40.45,-79.99
412,413,55,M,educator,78212,29.45,-98.5
413,414,24,M,programmer,38115,35.05,-89.86
414,415,39,M,educator,85711,32.21,-110.88
415,416,20,F,student,92626,33.67,-117.9
416,417,27,F,other,48103,42.26,-83.85
417,418,55,F,none,21206,39.34,-76.54
418,419,37,M,lawyer,43215,39.97,-83.01
419,420,53,M,educator,02140,42.39,-71.13
420,421,38,F,programmer,55105,44.94,-93.17
421,422,26,M,entertainment,94533,38.28,-122.0
422,423,64,M,other,91606,34.18,-118.39
423,424,36,F,marketing,55422,45.01,-93.34
424,425,19,M,student,58644,47.13,-102.33
425,426,55,M,educator,01602,42.27,-71.85
426,427,51,M,doctor,85258,33.56,-111.9
427,428,28,M,student,55414,44.98,-93.23
428,429,27,M,student,29205,33.99,-81.0
429,430,38,M,scientist,98199,47.65,-122.4
430,431,24,M,marketing,92629,33.47,-117.7
431,432,22,M,entertainment,50311,41.6,-93.67
432,433,27,M,artist,11211,40.71,-73.95
433,434,16,F,student,49705,45.31,-84.45
434,435,24,M,engineer,60007,42.0,-87.99
435,436,30,F,administrator,17345,40.06,-76.72
436,437,27,F,other,20009,38.92,-77.04
437,438,51,F,administrator,43204,39.96,-83.08
438,439,23,F,administrator,20817,38.98,-77.12
439,440,30,M,other,48076,42.5,-83.23
440,441,50,M,technician,55013,45.37,-92.88
441,442,22,M,student,85282,33.4,-111.92
442,443,35,M,salesman,33308,26.19,-80.1
443,444,51,F,lawyer,53202,43.05,-87.89
444,445,21,M,writer,92653,33.59,-117.7
445,446,57,M,educator,60201,42.06,-87.69
446,447,30,M,administrator,55113,45.01,-93.15
447,448,23,M,entertainment,10021,40.77,-73.96
448,449,23,M,librarian,55021,44.29,-93.27
449,450,35,F,educator,11758,40.66,-73.47
450,451,16,M,student,48446,43.04,-83.32
451,452,35,M,administrator,28018,35.36,-81.83
452,453,18,M,student,06333,41.38,-72.24
453,454,57,M,other,97330,44.63,-123.27
454,455,48,M,administrator,83709,43.54,-116.29
455,456,24,M,technician,31820,32.58,-84.84
456,457,33,F,salesman,30011,34.01,-83.83
457,458,47,M,technician,Y1A6B,,
458,459,22,M,student,29201,34.0,-81.03
459,460,44,F,other,60630,41.97,-87.76
460,461,15,M,student,98102,47.63,-122.32
461,462,19,F,student,02918,41.82,-71.41
462,463,48,F,healthcare,75218,32.84,-96.7
463,464,60,M,writer,94583,37.78,-121.99
464,465,32,M,other,05001,43.65,-72.32
465,466,22,M,student,90804,33.78,-118.14
466,467,29,M,engineer,91201,34.17,-118.29
467,468,28,M,engineer,02341,42.06,-70.85
468,469,60,M,educator,78628,30.65,-97.75
469,470,24,M,programmer,10021,40.77,-73.96
470,471,10,M,student,77459,29.57,-95.53
471,472,24,M,student,87544,35.89,-106.28
472,473,29,M,student,94708,37.9,-122.26
473,474,51,M,executive,93711,36.84,-119.82
474,475,30,M,programmer,75230,32.9,-96.79
475,476,28,M,student,60440,41.7,-88.07
476,477,23,F,student,02125,42.32,-71.06
477,478,29,M,other,10019,40.77,-73.99
478,479,30,M,educator,55409,44.93,-93.28
479,480,57,M,retired,98257,48.41,-122.53
480,481,73,M,retired,37771,35.8,-84.27
481,482,18,F,student,40256,38.22,-85.74
482,483,29,M,scientist,43212,39.99,-83.04
483,484,27,M,student,21208,39.39,-76.7
484,485,44,F,educator,95821,38.62,-121.38
485,486,39,M,educator,93101,34.41,-119.7
486,487,22,M,engineer,92121,32.9,-117.2
487,488,48,M,technician,21012,39.04,-76.49
488,489,55,M,other,45218,39.26,-84.52
489,490,29,F,artist,V5A2B,,
490,491,43,F,writer,53711,43.01,-89.42
491,492,57,M,educator,94618,37.84,-122.23
492,493,22,M,engineer,60090,42.13,-87.92
493,494,38,F,administrator,49428,42.9,-85.82
494,495,29,M,engineer,03052,42.83,-71.46
495,496,21,F,student,55414,44.98,-93.23
496,497,20,M,student,50112,41.74,-92.72
497,498,26,M,writer,55408,44.94,-93.29
498,499,42,M,programmer,75006,32.98,-96.89
499,500,28,M,administrator,94305,37.41,-122.17
500,501,22,M,student,10025,40.8,-73.97
501,502,22,M,student,23092,37.59,-76.5
502,503,50,F,writer,27514,35.92,-79.04
503,504,40,F,writer,92115,32.75,-117.07
504,505,27,F,other,20657,38.41,-76.45
505,506,46,M,programmer,03869,43.23,-70.82
506,507,18,F,writer,28450,34.31,-78.51
507,508,27,M,marketing,19382,39.95,-75.6
508,509,23,M,administrator,10011,40.74,-74.0
509,510,34,M,other,98038,47.4,-121.99
510,511,22,M,student,21250,39.26,-76.71
511,512,29,M,other,20090,38.89,-77.03
512,513,43,M,administrator,26241,38.92,-79.85
513,514,27,M,programmer,20707,39.1,-76.88
514,515,53,M,marketing,49508,42.87,-85.62
515,516,53,F,librarian,10021,40.77,-73.96
516,517,24,M,student,55454,44.97,-93.23
517,518,49,F,writer,99709,64.9,-148.16
518,519,22,M,other,55320,45.41,-94.04
519,520,62,M,healthcare,12603,41.68,-73.86
520,521,19,M,student,02146,,
521,522,36,M,engineer,55443,45.12,-93.34
522,523,50,F,administrator,04102,43.66,-70.3
523,524,56,M,educator,02159,,
524,525,27,F,administrator,19711,39.71,-75.74
525,526,30,M,marketing,97124,45.58,-122.91
526,527,33,M,librarian,12180,42.73,-73.67
527,528,18,M,student,55104,44.95,-93.16
528,529,47,F,administrator,44224,41.17,-81.43
529,530,29,M,engineer,94040,37.38,-122.08
530,531,30,F,salesman,97408,44.13,-123.07
531,532,20,M,student,92705,33.76,-117.79
532,533,43,M,librarian,02324,41.98,-70.97
533,534,20,M,student,05464,44.64,-72.82
534,535,45,F,educator,80302,40.04,-105.37
535,536,38,M,engineer,30078,33.85,-84.0
536,537,36,M,engineer,22902,38.03,-78.48
537,538,31,M,scientist,21010,39.39,-76.29
538,539,53,F,administrator,80303,39.97,-105.21
539,540,28,M,engineer,91201,34.17,-118.29
540,541,19,F,student,84302,41.51,-112.04
541,542,21,M,student,60515,41.79,-88.01
542,543,33,M,scientist,95123,37.23,-121.82
543,544,44,F,other,29464,32.82,-79.86
544,545,27,M,technician,08052,39.95,-74.99
545,546,36,M,executive,22911,38.1,-78.41
546,547,50,M,educator,14534,43.09,-77.51
547,548,51,M,writer,95468,38.91,-123.58
548,549,42,M,scientist,45680,38.41,-82.57
549,550,16,F,student,95453,39.04,-122.93
550,551,25,M,programmer,55414,44.98,-93.23
551,552,45,M,other,68147,41.17,-95.96
552,553,58,M,educator,62901,37.72,-89.21
553,554,32,M,scientist,62901,37.72,-89.21
554,555,29,F,educator,23227,37.61,-77.44
555,556,35,F,educator,30606,33.95,-83.39
556,557,30,F,writer,11217,40.68,-73.98
557,558,56,F,writer,63132,38.68,-90.38
558,559,69,M,executive,10022,40.76,-73.97
559,560,32,M,student,10003,40.73,-73.99
560,561,23,M,engineer,60005,42.06,-87.99
561,562,54,F,administrator,20879,39.17,-77.18
562,563,39,F,librarian,32707,28.66,-81.32
563,564,65,M,retired,94591,38.11,-122.2
564,565,40,M,student,55422,45.01,-93.34
565,566,20,M,student,14627,43.13,-77.63
566,567,24,M,entertainment,10003,40.73,-73.99
567,568,39,M,educator,01915,42.57,-70.87
568,569,34,M,educator,91903,32.83,-116.76
569,570,26,M,educator,14627,43.13,-77.63
570,571,34,M,artist,01945,42.5,-70.85
571,572,51,M,educator,20003,38.88,-76.99
572,573,68,M,retired,48911,42.67,-84.57
573,574,56,M,educator,53188,43.02,-88.29
574,575,33,M,marketing,46032,39.96,-86.17
575,576,48,M,executive,98281,48.98,-123.05
576,577,36,F,student,77845,30.56,-96.27
577,578,31,M,administrator,M7A1A,,
578,579,32,M,educator,48103,42.26,-83.85
579,580,16,M,student,17961,40.65,-76.1
580,581,37,M,other,94131,37.74,-122.44
581,582,17,M,student,93003,34.28,-119.22
582,583,44,M,engineer,29631,34.68,-82.81
583,584,25,M,student,27511,35.78,-78.79
584,585,69,M,librarian,98501,46.97,-122.87
585,586,20,M,student,79508,32.28,-99.83
586,587,26,M,other,14216,42.95,-78.86
587,588,18,F,student,93063,34.3,-118.72
588,589,21,M,lawyer,90034,34.03,-118.4
589,590,50,M,educator,82435,44.79,-108.73
590,591,57,F,librarian,92093,32.88,-117.23
591,592,18,M,student,97520,42.15,-122.53
592,593,31,F,educator,68767,42.19,-97.52
593,594,46,M,educator,M4J2K,,
594,595,25,M,programmer,31909,32.55,-84.92
595,596,20,M,artist,77073,30.0,-95.4
596,597,23,M,other,84116,40.81,-111.94
597,598,40,F,marketing,43085,40.1,-83.01
598,599,22,F,student,R3T5K,,
599,600,34,M,programmer,02320,,
600,601,19,F,artist,99687,61.36,-150.07
601,602,47,F,other,34656,28.24,-82.71
602,603,21,M,programmer,47905,40.42,-86.77
603,604,39,M,educator,11787,40.85,-73.21
604,605,33,M,engineer,33716,27.88,-82.65
605,606,28,M,programmer,63044,38.76,-90.42
606,607,49,F,healthcare,02154,,
607,608,22,M,other,10003,40.73,-73.99
608,609,13,F,student,55106,44.96,-93.05
609,610,22,M,student,21227,39.24,-76.68
610,611,46,M,librarian,77008,29.8,-95.42
611,612,36,M,educator,79070,36.39,-100.8
612,613,37,F,marketing,29678,34.68,-82.95
613,614,54,M,educator,80227,39.67,-105.09
614,615,38,M,educator,27705,36.03,-78.98
615,616,55,M,scientist,50613,42.52,-92.45
616,617,27,F,writer,11201,40.69,-73.99
617,618,15,F,student,44212,41.24,-81.82
618,619,17,M,student,44134,41.38,-81.7
619,620,18,F,writer,81648,40.08,-108.77
620,621,17,M,student,60402,41.84,-87.79
621,622,25,M,programmer,14850,42.44,-76.5
622,623,50,F,educator,60187,41.87,-88.11
623,624,19,M,student,30067,33.93,-84.46
624,625,27,M,programmer,20723,39.14,-76.87
625,626,23,M,scientist,19807,39.8,-75.61
626,627,24,M,engineer,08034,39.9,-74.99
627,628,13,M,none,94306,37.41,-122.13
628,629,46,F,other,44224,41.17,-81.43
629,630,26,F,healthcare,55408,44.94,-93.29
630,631,18,F,student,38866,34.38,-88.68
631,632,18,M,student,55454,44.97,-93.23
632,633,35,M,programmer,55414,44.98,-93.23
633,634,39,M,engineer,T8H1N,,
634,635,22,M,other,23237,37.4,-77.45
635,636,47,M,educator,48043,42.59,-82.88
636,637,30,M,other,74101,36.12,-95.91
637,638,45,M,engineer,01940,42.53,-71.04
638,639,42,F,librarian,12065,42.85,-73.8
639,640,20,M,student,61801,40.1,-88.2
640,641,24,M,student,60626,42.01,-87.67
641,642,18,F,student,95521,40.85,-124.05
642,643,39,M,scientist,55122,44.81,-93.2
643,644,51,M,retired,63645,37.56,-90.29
644,645,27,M,programmer,53211,43.08,-87.88
645,646,17,F,student,51250,43.07,-96.17
646,647,40,M,educator,45810,40.76,-83.82
647,648,43,M,engineer,91351,34.43,-118.46
648,649,20,M,student,39762,33.45,-88.79
649,650,42,M,engineer,83814,47.59,-116.91
650,651,65,M,retired,02903,41.82,-71.41
651,652,35,M,other,22911,38.1,-78.41
652,653,31,M,executive,55105,44.94,-93.17
653,654,27,F,student,78739,30.18,-97.89
654,655,50,F,healthcare,60657,41.94,-87.65
655,656,48,M,educator,10314,40.6,-74.17
656,657,26,F,none,78704,30.24,-97.77
657,658,33,M,programmer,92626,33.67,-117.9
658,659,31,M,educator,54248,,
659,660,26,M,student,77380,30.14,-95.47
660,661,28,M,programmer,98121,47.62,-122.35
661,662,55,M,librarian,19102,39.95,-75.17
662,663,26,M,other,19341,40.03,-75.63
663,664,30,M,engineer,94115,37.78,-122.43
664,665,25,M,administrator,55412,45.03,-93.3
665,666,44,M,administrator,61820,40.11,-88.24
666,667,35,M,librarian,01970,42.51,-70.9
667,668,29,F,writer,10016,40.75,-73.98
668,669,37,M,other,20009,38.92,-77.04
669,670,30,M,technician,21114,39.01,-76.68
670,671,21,M,programmer,91919,,
671,672,54,F,administrator,90095,34.07,-118.44
672,673,51,M,educator,22906,38.03,-78.48
673,674,13,F,student,55337,44.76,-93.27
674,675,34,M,other,28814,35.57,-82.54
675,676,30,M,programmer,32712,28.75,-81.49
676,677,20,M,other,99835,56.73,-135.0
677,678,50,M,educator,61462,40.91,-90.64
678,679,20,F,student,54302,44.52,-87.98
679,680,33,M,lawyer,90405,34.01,-118.46
680,681,44,F,marketing,97208,45.53,-122.68
681,682,23,M,programmer,55128,44.99,-92.96
682,683,42,M,librarian,23509,36.88,-76.26
683,684,28,M,student,55414,44.98,-93.23
684,685,32,F,librarian,55409,44.93,-93.28
685,686,32,M,educator,26506,39.63,-79.94
686,687,31,F,healthcare,27713,35.9,-78.92
687,688,37,F,administrator,60476,41.57,-87.61
688,689,25,M,other,45439,39.7,-84.22
689,690,35,M,salesman,63304,38.7,-90.67
690,691,34,M,educator,60089,42.16,-87.96
691,692,34,M,engineer,18053,40.72,-75.71
692,693,43,F,healthcare,85210,33.38,-111.84
693,694,60,M,programmer,06365,41.55,-71.99
694,695,26,M,writer,38115,35.05,-89.86
695,696,55,M,other,94920,37.89,-122.47
696,697,25,M,other,77042,29.74,-95.56
697,698,28,F,programmer,06906,41.07,-73.52
698,699,44,M,other,96754,22.21,-159.41
699,700,17,M,student,76309,33.89,-98.54
700,701,51,F,librarian,56321,45.58,-94.39
701,702,37,M,other,89104,36.15,-115.11
702,703,26,M,educator,49512,42.88,-85.53
703,704,51,F,librarian,91105,34.14,-118.16
704,705,21,F,student,54494,44.34,-89.73
705,706,23,M,student,55454,44.97,-93.23
706,707,56,F,librarian,19146,39.94,-75.18
707,708,26,F,homemaker,96349,,
708,709,21,M,other,N4T1A,,
709,710,19,M,student,92020,32.79,-116.96
710,711,22,F,student,15203,40.43,-79.97
711,712,22,F,student,54901,44.06,-88.54
712,713,42,F,other,07204,40.67,-74.27
713,714,26,M,engineer,55343,44.92,-93.4
714,715,21,M,technician,91206,34.16,-118.2
715,716,36,F,administrator,44265,41.04,-81.25
716,717,24,M,technician,84105,40.73,-111.85
717,718,42,M,technician,64118,39.21,-94.57
718,719,37,F,other,V0R2H,,
719,720,49,F,administrator,16506,42.06,-80.15
720,721,24,F,entertainment,11238,40.68,-73.96
721,722,50,F,homemaker,17331,39.81,-76.98
722,723,26,M,executive,94403,37.54,-122.3
723,724,31,M,executive,40243,38.24,-85.54
724,725,21,M,student,91711,34.12,-117.71
725,726,25,F,administrator,80538,40.41,-105.07
726,727,25,M,student,78741,30.23,-97.71
727,728,58,M,executive,94306,37.41,-122.13
728,729,19,M,student,56567,46.51,-95.37
729,730,31,F,scientist,32114,29.19,-81.05
730,731,41,F,educator,70403,30.5,-90.46
731,732,28,F,other,98405,47.24,-122.47
732,733,44,F,other,60630,41.97,-87.76
733,734,25,F,other,63108,38.64,-90.25
734,735,29,F,healthcare,85719,32.24,-110.95
735,736,48,F,writer,94618,37.84,-122.23
736,737,30,M,programmer,98072,47.75,-122.09
737,738,35,M,technician,95403,38.5,-122.76
738,739,35,M,technician,73162,35.58,-97.64
739,740,25,F,educator,22206,38.84,-77.09
740,741,25,M,writer,63108,38.64,-90.25
741,742,35,M,student,29210,34.05,-81.11
742,743,31,M,programmer,92660,33.62,-117.87
743,744,35,M,marketing,47024,39.5,-85.18
744,745,42,M,writer,55113,45.01,-93.15
745,746,25,M,engineer,19047,40.17,-74.91
746,747,19,M,other,93612,36.81,-119.71
747,748,28,M,administrator,94720,37.87,-122.25
748,749,33,M,other,80919,38.93,-104.85
749,750,28,M,administrator,32303,30.45,-84.28
750,751,24,F,other,90034,34.03,-118.4
751,752,60,M,retired,21201,39.29,-76.62
752,753,56,M,salesman,91206,34.16,-118.2
753,754,59,F,librarian,62901,37.72,-89.21
754,755,44,F,educator,97007,45.44,-122.88
755,756,30,F,none,90247,33.89,-118.29
756,757,26,M,student,55104,44.95,-93.16
757,758,27,M,student,53706,43.07,-89.41
758,759,20,F,student,68503,40.82,-96.67
759,760,35,F,other,14211,42.91,-78.82
760,761,17,M,student,97302,44.9,-123.06
761,762,32,M,administrator,95050,37.34,-121.95
762,763,27,M,scientist,02113,42.37,-71.06
763,764,27,F,educator,62903,37.67,-89.28
764,765,31,M,student,33066,26.25,-80.17
765,766,42,M,other,10960,41.09,-73.92
766,767,70,M,engineer,00000,,
767,768,29,M,administrator,12866,43.06,-73.77
768,769,39,M,executive,06927,41.09,-73.55
769,770,28,M,student,14216,42.95,-78.86
770,771,26,M,student,15232,40.45,-79.93
771,772,50,M,writer,27105,36.16,-80.23
772,773,20,M,student,55414,44.98,-93.23
773,774,30,M,student,80027,39.96,-105.14
774,775,46,M,executive,90036,34.06,-118.35
775,776,30,M,librarian,51157,,
776,777,63,M,programmer,01810,42.65,-71.14
777,778,34,M,student,01960,42.53,-70.97
778,779,31,M,student,K7L5J,,
779,780,49,M,programmer,94560,37.51,-122.04
780,781,20,M,student,48825,42.73,-84.48
781,782,21,F,artist,33205,,
782,783,30,M,marketing,77081,29.71,-95.48
783,784,47,M,administrator,91040,34.26,-118.32
784,785,32,M,engineer,23322,36.62,-76.23
785,786,36,F,engineer,01754,42.42,-71.45
786,787,18,F,student,98620,45.84,-120.76
787,788,51,M,administrator,05779,,
788,789,29,M,other,55420,44.84,-93.28
789,790,27,M,technician,80913,38.69,-104.75
790,791,31,M,educator,20064,38.94,-77.0
791,792,40,M,programmer,12205,42.72,-73.83
792,793,22,M,student,85281,33.43,-111.91
793,794,32,M,educator,57197,43.52,-96.74
794,795,30,M,programmer,08610,40.19,-74.72
795,796,32,F,writer,33755,27.98,-82.78
796,797,44,F,other,62522,39.83,-89.05
797,798,40,F,writer,64131,38.94,-94.59
798,799,49,F,administrator,19716,39.69,-75.76
799,800,25,M,programmer,55337,44.76,-93.27
800,801,22,M,writer,92154,32.56,-117.01
801,802,35,M,administrator,34105,26.19,-81.76
802,803,70,M,administrator,78212,29.45,-98.5
803,804,39,M,educator,61820,40.11,-88.24
804,805,27,F,other,20009,38.92,-77.04
805,806,27,M,marketing,11217,40.68,-73.98
806,807,41,F,healthcare,93555,35.55,-117.67
807,808,45,M,salesman,90016,34.02,-118.35
808,809,50,F,marketing,30803,33.19,-82.52
809,810,55,F,other,80526,40.52,-105.14
810,811,40,F,educator,73013,35.62,-97.48
811,812,22,M,technician,76234,33.23,-97.59
812,813,14,F,student,02136,42.26,-71.13
813,814,30,M,other,12345,42.8,-73.92
814,815,32,M,other,28806,35.57,-82.61
815,816,34,M,other,20755,39.11,-76.75
816,817,19,M,student,60152,42.24,-88.6
817,818,28,M,librarian,27514,35.92,-79.04
818,819,59,M,administrator,40205,38.22,-85.68
819,820,22,M,student,37725,36.02,-83.41
820,821,37,M,engineer,77845,30.56,-96.27
821,822,29,F,librarian,53144,42.62,-87.92
822,823,27,M,artist,50322,41.63,-93.74
823,824,31,M,other,15017,40.35,-80.1
824,825,44,M,engineer,05452,44.49,-73.11
825,826,28,M,artist,77048,29.62,-95.32
826,827,23,F,engineer,80228,39.69,-105.17
827,828,28,M,librarian,85282,33.4,-111.92
828,829,48,M,writer,80209,39.71,-104.97
829,830,46,M,programmer,53066,43.1,-88.49
830,831,21,M,other,33765,27.97,-82.76
831,832,24,M,technician,77042,29.74,-95.56
832,833,34,M,writer,90019,34.04,-118.34
833,834,26,M,other,64153,39.27,-94.73
834,835,44,F,executive,11577,40.78,-73.64
835,836,44,M,artist,10018,40.76,-73.99
836,837,36,F,artist,55409,44.93,-93.28
837,838,23,M,student,01375,42.46,-72.58
838,839,38,F,entertainment,90814,33.77,-118.14
839,840,39,M,artist,55406,44.94,-93.22
840,841,45,M,doctor,47401,39.16,-86.52
841,842,40,M,writer,93055,,
842,843,35,M,librarian,44212,41.24,-81.82
843,844,22,M,engineer,95662,38.68,-121.22
844,845,64,M,doctor,97405,43.94,-123.19
845,846,27,M,lawyer,47130,38.3,-85.72
846,847,29,M,student,55417,44.9,-93.23
847,848,46,M,engineer,02146,,
848,849,15,F,student,25652,37.81,-82.03
849,850,34,M,technician,78390,27.98,-97.39
850,851,18,M,other,29646,34.19,-82.15
851,852,46,M,administrator,94086,37.36,-122.02
852,853,49,M,writer,40515,37.92,-84.39
853,854,29,F,student,55408,44.94,-93.29
854,855,53,M,librarian,04988,44.61,-69.33
855,856,43,F,marketing,97215,45.51,-122.59
856,857,35,F,administrator,V1G4L,,
857,858,63,M,educator,09645,,
858,859,18,F,other,06492,41.44,-72.81
859,860,70,F,retired,48322,42.54,-83.38
860,861,38,F,student,14085,42.71,-78.93
861,862,25,M,executive,13820,42.45,-75.06
862,863,17,M,student,60089,42.16,-87.96
863,864,27,M,programmer,63021,38.59,-90.55
864,865,25,M,artist,11231,40.68,-74.01
865,866,45,M,other,60302,41.88,-87.78
866,867,24,M,scientist,92507,33.96,-117.31
867,868,21,M,programmer,55303,45.21,-93.39
868,869,30,M,student,10025,40.8,-73.97
869,870,22,M,student,65203,38.88,-92.4
870,871,31,M,executive,44648,40.78,-81.52
871,872,19,F,student,74078,36.12,-97.07
872,873,48,F,administrator,33763,28.0,-82.74
873,874,36,M,scientist,37076,36.13,-86.58
874,875,24,F,student,35802,34.67,-86.56
875,876,41,M,other,20902,39.05,-77.04
876,877,30,M,other,77504,29.65,-95.19
877,878,50,F,educator,98027,47.5,-122.0
878,879,33,F,administrator,55337,44.76,-93.27
879,880,13,M,student,83702,43.71,-116.18
880,881,39,M,marketing,43017,40.11,-83.13
881,882,35,M,engineer,40503,38.01,-84.53
882,883,49,M,librarian,50266,41.57,-93.8
883,884,44,M,engineer,55337,44.76,-93.27
884,885,30,F,other,95316,37.54,-120.68
885,886,20,M,student,61820,40.11,-88.24
886,887,14,F,student,27249,36.1,-79.54
887,888,41,M,scientist,17036,40.26,-76.71
888,889,24,M,technician,78704,30.24,-97.77
889,890,32,M,student,97301,44.95,-123.0
890,891,51,F,administrator,03062,42.74,-71.49
891,892,36,M,other,45243,39.19,-84.34
892,893,25,M,student,95823,38.47,-121.44
893,894,47,M,educator,74075,36.13,-97.07
894,895,31,F,librarian,32301,30.43,-84.26
895,896,28,M,writer,91505,34.17,-118.34
896,897,30,M,other,33484,26.45,-80.13
897,898,23,M,homemaker,61755,40.53,-89.35
898,899,32,M,other,55116,44.91,-93.17
899,900,60,M,retired,18505,41.4,-75.66
900,901,38,M,executive,L1V3W,,
901,902,45,F,artist,97203,45.6,-122.74
902,903,28,M,educator,20850,39.08,-77.15
903,904,17,F,student,61073,42.41,-89.0
904,905,27,M,other,30350,33.97,-84.32
905,906,45,M,librarian,70124,30.01,-90.1
906,907,25,F,other,80526,40.52,-105.14
907,908,44,F,librarian,68504,40.85,-96.66
908,909,50,F,educator,53171,42.58,-87.89
909,910,28,M,healthcare,29301,34.93,-82.01
910,911,37,F,writer,53210,43.07,-87.97
911,912,51,M,other,06512,41.29,-72.86
912,913,27,M,student,76201,33.21,-97.13
913,914,44,F,other,08105,39.95,-75.09
914,915,50,M,entertainment,60614,41.92,-87.65
915,916,27,M,engineer,N2L5N,,
916,917,22,F,student,20006,38.9,-77.04
917,918,40,M,scientist,70116,29.97,-90.06
918,919,25,M,other,14216,42.95,-78.86
919,920,30,F,artist,90008,34.01,-118.35
920,921,20,F,student,98801,47.37,-120.35
921,922,29,F,administrator,21114,39.01,-76.68
922,923,21,M,student,E2E3R,,
923,924,29,M,other,11753,40.78,-73.54
924,925,18,F,salesman,49036,41.94,-85.0
925,926,49,M,entertainment,01701,42.3,-71.43
926,927,23,M,programmer,55428,45.06,-93.38
927,928,21,M,student,55408,44.94,-93.29
928,929,44,M,scientist,53711,43.01,-89.42
929,930,28,F,scientist,07310,40.73,-74.04
930,931,60,M,educator,33556,28.13,-82.59
931,932,58,M,educator,06437,41.28,-72.67
932,933,28,M,student,48105,42.33,-83.7
933,934,61,M,engineer,22902,38.03,-78.48
934,935,42,M,doctor,66221,38.86,-94.71
935,936,24,M,other,32789,28.59,-81.34
936,937,48,M,educator,98072,47.75,-122.09
937,938,38,F,technician,55038,45.15,-92.96
938,939,26,F,student,33319,26.18,-80.23
939,940,32,M,administrator,02215,42.35,-71.1
940,941,20,M,student,97229,45.55,-122.81
941,942,48,F,librarian,78209,29.49,-98.46
942,943,22,M,student,77841,30.6,-96.31
